entry,timestamp
1,2026-01-01T15:57:44+08:00
2,2026-01-02T10:40:04+08:00
3,2026-01-02T16:41:57+08:00
4,2026-01-03T14:03:11+08:00
5,2026-01-03T15:23:53+08:00
6,2026-01-03T17:43:15+08:00
7,2026-01-04T10:51:16+08:00
8,2026-01-05T09:25:43+08:00
9,2026-01-06T09:22:00+08:00
10,2026-01-06T15:33:22+08:00
11,2026-01-06T15:48:42+08:00
12,2026-01-08T17:03:37+08:00
13,2026-01-10T09:01:01+08:00
14,2026-01-10T14:00:50+08:00
15,2026-01-10T16:46:19+08:00
16,2026-01-11T13:54:46+08:00
17,2026-01-11T17:56:19+08:00
18,2026-01-13T16:32:49+08:00
